,mouth_lower_lip_bottom_y,mouth_lower_lip_left_contour2_y,nose_contour_right2_x,mouth_upper_lip_right_contour3_x,left_eyebrow_lower_left_quarter_y,contour_right2_y,contour_right4_y,mouth_lower_lip_right_contour3_x,nose_contour_left1_y,contour_right5_x,left_eye_top_y,left_eyebrow_upper_right_quarter_x,left_eye_bottom_x,mouth_lower_lip_left_contour1_y,left_eyebrow_right_corner_x,right_eye_right_corner_x,left_eyebrow_upper_middle_y,right_eye_right_corner_y,left_eyebrow_lower_middle_x,contour_left3_y,contour_left8_x,mouth_lower_lip_left_contour2_x,nose_contour_left1_x,left_eyebrow_left_corner_x,contour_left5_x,left_eyebrow_right_corner_y,nose_right_y,nose_contour_right3_y,mouth_upper_lip_left_contour3_y,mouth_right_corner_x,mouth_lower_lip_bottom_x,right_eye_upper_right_quarter_x,mouth_lower_lip_right_contour1_x,left_eye_bottom_y,nose_right_x,contour_left7_x,right_eyebrow_lower_left_quarter_x,mouth_upper_lip_top_x,right_eyebrow_lower_right_quarter_x,contour_chin_x,right_eyebrow_upper_middle_y,right_eyebrow_upper_left_quarter_y,contour_left2_x,right_eyebrow_left_corner_y,contour_right3_y,mouth_upper_lip_top_y,mouth_upper_lip_left_contour1_y,right_eye_pupil_y,left_eyebrow_lower_right_quarter_y,mouth_lower_lip_top_x,right_eyebrow_upper_middle_x,contour_right6_y,mouth_upper_lip_left_contour3_x,mouth_upper_lip_right_contour2_y,mouth_upper_lip_right_contour1_x,mouth_lower_lip_left_contour3_x,left_eye_pupil_x,left_eye_lower_left_quarter_x,contour_left9_y,right_eye_center_y,right_eye_left_corner_y,mouth_upper_lip_left_contour2_y,mouth_left_corner_y,left_eye_top_x,contour_right9_x,right_eye_pupil_x,right_eyebrow_upper_right_quarter_x,mouth_lower_lip_left_contour1_x,contour_left7_y,right_eyebrow_lower_middle_x,left_eye_center_x,mouth_upper_lip_left_contour1_x,left_eye_left_corner_y,left_eyebrow_lower_left_quarter_x,right_eye_lower_right_quarter_y,mouth_lower_lip_left_contour3_y,left_eye_pupil_y,left_eye_lower_right_quarter_y,nose_contour_left3_y,left_eye_upper_left_quarter_x,left_eyebrow_upper_left_quarter_y,mouth_upper_lip_right_contour3_y,nose_left_x,contour_right5_y,left_eyebrow_upper_right_quarter_y,contour_left1_x,left_eye_lower_right_quarter_x,mouth_right_corner_y,mouth_lower_lip_right_contour2_y,right_eyebrow_right_corner_x,left_eyebrow_upper_left_quarter_x,nose_contour_left2_y,right_eye_left_corner_x,contour_right7_y,left_eye_upper_right_quarter_x,left_eyebrow_left_corner_y,right_eye_lower_right_quarter_x,contour_left8_y,right_eyebrow_lower_left_quarter_y,nose_contour_lower_middle_y,right_eye_center_x,left_eyebrow_lower_right_quarter_x,right_eye_lower_left_quarter_x,nose_tip_y,right_eye_top_y,contour_left6_y,contour_right4_x,contour_right8_x,right_eye_bottom_x,contour_right6_x,contour_right9_y,mouth_lower_lip_top_y,nose_tip_x,contour_left6_x,contour_left1_y,mouth_upper_lip_bottom_y,nose_contour_left3_x,nose_contour_right2_y,contour_right8_y,right_eyebrow_right_corner_y,mouth_left_corner_x,nose_left_y,right_eye_upper_right_quarter_y,right_eyebrow_lower_middle_y,contour_left9_x,left_eyebrow_upper_middle_x,contour_chin_y,left_eye_right_corner_y,mouth_upper_lip_bottom_x,contour_left5_y,mouth_upper_lip_right_contour2_x,right_eyebrow_upper_left_quarter_x,nose_contour_right1_y,contour_right3_x,left_eye_upper_left_quarter_y,right_eye_bottom_y,nose_contour_left2_x,contour_right1_x,right_eye_top_x,contour_left2_y,mouth_upper_lip_right_contour1_y,mouth_upper_lip_left_contour2_x,left_eye_right_corner_x,nose_contour_right3_x,mouth_lower_lip_right_contour2_x,contour_left3_x,right_eye_upper_left_quarter_x,nose_contour_lower_middle_x,right_eyebrow_left_corner_x,left_eyebrow_lower_middle_y,contour_right7_x,nose_contour_right1_x,contour_right2_x,left_eye_lower_left_quarter_y,right_eyebrow_lower_right_quarter_y,right_eye_lower_left_quarter_y,left_eye_upper_right_quarter_y,contour_left4_x,mouth_lower_lip_right_contour1_y,contour_left4_y,right_eyebrow_upper_right_quarter_y,contour_right1_y,left_eye_center_y,left_eye_left_corner_x,right_eye_upper_left_quarter_y,mouth_lower_lip_right_contour3_y
김상범:1,15.642999999999994,14.406167000000003,24.708546999999996,24.551724,-5.3878330000000005,0.4188339999999968,8.599499999999999,23.779812,-2.010832999999998,34.510846,-3.0878330000000034,13.289863999999994,11.870261,13.754833999999995,16.272351,30.749591999999993,-8.848666000000001,-2.7236660000000015,10.531577999999996,8.267499999999998,12.400585,15.785162,18.313060999999998,4.436195999999995,2.4356109999999944,-7.060333,6.985666999999999,8.163666999999997,12.842666999999999,27.864744,21.387167999999996,29.253750999999994,24.827084,-1.1881660000000025,25.924847999999997,8.389382999999995,26.439456,21.328651999999998,31.365684,21.440166999999995,-10.313166000000002,-10.159666000000001,0.21951899999999824,-7.972166000000001,5.043999999999997,11.739334,11.679499999999997,-3.431333000000002,-6.749499999999998,21.220312999999997,28.842967,15.999500000000005,17.571911999999998,11.821499999999993,22.868631,18.328108,11.238118999999998,9.983698999999994,25.874333999999998,-3.2336659999999995,-2.551000000000002,12.7545,13.557667000000002,11.471013,25.924513999999995,26.679373,31.699894999999998,17.537973,22.238667,28.903323,11.637867999999997,19.667293,-0.9923330000000021,7.350135999999999,-2.647666000000001,15.270500000000006,-2.1826659999999976,-1.6033329999999992,8.587499999999999,9.698640999999995,-7.588166000000001,12.689833999999998,15.882632999999998,12.210833999999998,-9.138666,0.0,13.44117,12.604334000000001,13.943166999999995,33.275486,6.804262999999999,4.592999999999996,24.742653999999995,19.039499999999997,13.362423999999997,-4.304000000000002,29.391347999999994,24.074000000000005,-7.583500000000001,8.624499999999998,27.686186,13.620731,25.982026999999995,5.537334000000001,-4.201833000000001,19.577999999999996,35.221233,28.877742999999995,27.779309999999995,33.316447,24.560167,13.935499999999998,22.165768,5.131200999999997,0.0,12.720834000000004,18.798410999999994,3.7501669999999976,22.024167,-6.350666000000004,13.193228999999995,7.563667000000002,-3.8553330000000017,-7.480499999999999,16.33605,9.840919,25.055,-1.7931659999999994,21.30023,16.387834000000005,25.925850999999994,26.229800999999995,-2.2673330000000007,35.57400199999999,-2.5013330000000025,-2.315165999999998,16.888776999999997,35.039497999999995,27.610448999999996,4.134166999999998,11.429167,16.190594999999995,15.165892999999997,24.110344999999995,26.251535999999994,0.6617339999999956,26.099894999999997,21.668045999999997,23.693709,-6.408500000000004,31.655756999999994,22.365725999999995,35.439080000000004,-1.1235,-7.154499999999999,-2.457500000000003,-3.037165999999999,1.302068999999996,13.293833999999997,12.481500000000004,-9.396,-3.0060000000000002,-2.0901660000000035,8.145955999999998,-3.924332999999997,15.120333999999993
김상범:2,22.236361000000002,20.027231,17.981333,18.315833000000005,-6.341773,3.904251000000002,14.499388000000003,17.332333,-0.8181960000000004,28.843667000000003,-2.7002979999999965,9.338000000000001,8.103333,18.958557,11.851333000000004,24.96,-10.526619999999998,-0.9158279999999976,6.988167000000004,10.466383999999998,8.344332999999999,10.017333,13.192,2.4040000000000035,1.4826669999999993,-7.8948389999999975,10.373269999999998,12.234039000000003,18.255561,21.609833000000002,14.827833000000005,23.697333000000008,18.573667000000007,-0.2356709999999964,19.529333,5.443333000000003,20.564500000000002,14.886333,25.243666999999995,15.458999999999996,-10.962572999999999,-10.943749,0.3461670000000012,-8.419137,9.534494000000002,17.045835000000004,16.677396,-1.863028,-7.831340999999998,14.902000000000008,23.136666999999996,23.493019000000004,11.743167000000007,17.119874000000003,16.348667,12.217833000000006,7.984667000000002,6.543167000000004,33.070431,-1.681568999999996,-1.2004389999999958,17.426321,18.026666,7.889500000000005,19.658167,21.949000000000005,25.732667,11.425667000000004,28.723952999999995,22.916000000000004,7.973167000000004,13.538666999999997,-0.28963199999999745,4.503667,-0.9012710000000013,21.699263000000002,-1.610289999999999,-0.46682400000000257,12.453145,6.305833,-8.974305999999999,18.033192,10.448333000000005,18.723137,-10.528879,0.0,9.6145,17.903686,19.950431000000002,27.031667000000006,4.091833000000001,6.4185719999999975,19.278,26.872721,9.383000000000003,-5.333334000000001,23.568000000000005,31.375811999999996,-7.945788,12.912941000000004,22.083166999999996,9.491833,20.53683300000001,9.199435000000001,-2.955294000000002,24.744157,29.422833000000004,22.789499999999997,22.001167000000002,27.4745,32.640502,19.863592000000004,14.920333000000007,3.041833000000004,0.0,18.454839,12.706167,5.930666000000002,30.213269999999994,-5.734148999999999,8.099333000000001,10.538164000000002,-2.5047849999999983,-7.6431059999999995,12.082,6.491,33.550055,-0.7823059999999984,14.996833000000002,20.942306000000002,19.525332999999996,20.503833000000007,-0.8500709999999998,29.496000000000002,-2.005082999999999,-0.22487900000000138,11.684833000000005,30.127333,22.205667,5.520313999999999,16.556925,10.626833000000005,10.895500000000006,17.493333,19.921667000000006,0.43250000000000455,20.4895,15.065500000000007,17.898666999999996,-7.16273,25.167667,16.641332999999996,29.762833000000008,-0.24370199999999897,-7.141144999999998,-0.8161879999999968,-2.2590749999999957,0.8491670000000013,19.218572,15.420486000000004,-9.465474999999998,-1.111340999999996,-1.318399999999997,4.692167000000005,-2.687497999999998,21.304219000000003
김수현:1,19.44975,17.9105,11.831665999999998,10.592666000000001,-2.186,10.221499999999999,16.50625,10.049,3.639499999999998,15.855666,1.1730000000000018,7.971665999999999,5.785832999999997,16.784,9.417665999999997,16.346333,-3.788999999999998,6.010750000000002,5.921332999999997,7.185000000000002,3.2643330000000006,6.728166000000002,9.447833000000003,2.525666000000001,-0.2150000000000034,-1.106499999999997,12.444250000000004,12.85125,16.53425,11.929000000000002,8.941665999999998,15.6175,10.713999999999999,3.1529999999999987,12.244,1.6386660000000006,14.968832999999997,9.487333,17.622999999999998,7.794665999999999,-0.33699999999999974,-0.8074999999999974,-0.36299999999999955,0.27300000000000324,13.4865,15.273250000000004,14.698999999999998,5.032000000000004,-1.6074999999999982,9.270665999999999,16.6455,22.556000000000004,7.866500000000002,16.902,10.334165999999996,7.799666000000002,5.924500000000002,4.761833000000003,25.645000000000003,5.327750000000002,5.292250000000003,15.300000000000004,16.509,6.164166000000002,10.115166000000002,14.207833,17.843666,7.624665999999998,20.659750000000003,16.183833,5.965165999999996,8.615333,1.457250000000002,3.993333,6.230000000000004,18.898000000000003,1.923250000000003,3.325499999999998,11.956499999999998,5.052,-3.715,17.902250000000002,7.063333,19.709250000000004,-3.2582499999999968,0.0,6.882165999999998,18.891750000000002,19.538000000000004,18.241999999999997,4.088166000000001,7.902750000000005,12.746000000000002,24.88675,7.144666000000001,-1.9974999999999987,15.541832999999997,23.635000000000005,1.082250000000002,12.298250000000003,14.632832999999998,7.721832999999997,13.592500000000001,9.354750000000003,4.418500000000002,17.543,16.5965,12.052332999999997,14.5225,14.939500000000002,27.293,17.245000000000005,10.344166000000001,0.5784999999999982,0.0,17.01475,8.302332999999997,8.998750000000001,26.462000000000003,3.8627499999999984,5.773333000000001,10.434000000000005,4.896000000000001,1.7914999999999992,5.447833000000003,6.012500000000003,26.835,3.4170000000000016,9.300165999999997,14.301000000000002,11.341665999999996,15.129832999999998,4.612000000000002,17.2935,0.989250000000002,6.257249999999999,8.161665999999997,18.246000000000002,14.762166,3.737250000000003,15.269750000000002,6.961332999999996,7.900999999999996,11.062666,11.296,-0.5131670000000028,13.760333000000003,9.818165999999998,13.291333000000002,-1.9242499999999971,13.482500000000002,11.661833000000001,17.676499999999997,2.2807500000000047,2.594000000000001,5.828749999999999,2.0177499999999995,-0.4341670000000022,18.088250000000002,10.849499999999999,1.2660000000000018,6.801749999999998,2.156500000000001,4.028832999999999,4.33625,19.7965
김수현:2,27.639778,26.222741,19.857709,20.445417,-6.596888,0.6555559999999971,13.403481999999997,20.008542,-1.9807400000000008,28.997709,-3.878592000000001,10.850625,8.96875,24.124963,12.969166999999999,24.996250000000003,-9.511666000000002,-4.842481000000003,8.767709000000004,12.543481999999997,11.532499999999999,14.053125000000001,14.380625000000002,3.6808340000000044,3.141041999999999,-7.392148000000002,12.171999999999997,14.184593,23.779407999999997,22.822500000000005,18.146250000000002,24.06875,20.582709,0.153851999999997,21.322917000000004,8.151875000000004,21.661667,18.008125,25.301459,19.230000000000004,-12.806444000000003,-10.929370000000002,0.3068750000000051,-9.163851000000001,7.387926,20.471629999999998,20.243482,-4.277370000000001,-6.919963000000003,18.0075,22.932709000000003,25.056815,15.33625,21.107555999999995,18.778542,16.124792,9.041875000000005,7.092708999999999,40.172371000000005,-4.095703,-2.5871850000000016,22.135703999999997,24.249407999999995,8.753542000000003,22.670834,22.167917000000003,25.263334,15.325417000000002,34.113112,23.326042,8.843125,16.388959,-1.194777000000002,6.194375000000001,-3.6617770000000007,27.536445,-2.184629000000001,-0.29522200000000254,14.942371000000001,7.069792,-8.581148000000002,23.176445,12.798542000000005,18.993111999999996,-9.477,0.0,10.614375000000003,22.597926,24.684593,26.412917,5.828333999999998,8.547556,19.713125000000005,29.869777999999997,10.559584000000001,-5.892185000000001,24.325000000000003,37.471259999999994,-8.804222000000003,15.075704000000002,22.682709000000003,10.939792000000004,21.093542,10.333852,-5.701814000000002,29.741259999999997,29.553542,24.867292,23.000625,28.337917000000004,37.893111999999995,23.833481999999997,17.32125,5.647708999999999,0.0,23.359037,15.103959000000003,7.208852,34.487556000000005,-10.626555,12.587917000000004,13.660148999999997,-5.994814000000002,-9.469740000000002,15.119375000000005,8.495000000000005,40.063852000000004,-0.9838140000000024,18.032291999999998,24.459037000000002,21.242292,21.292500000000004,-2.715963000000002,29.383125,-3.1682960000000016,-2.141333000000003,13.760417000000004,28.976042,22.574167000000003,6.606445000000001,19.664963,14.241042,12.386875000000003,19.444792,21.753125000000004,0.7239590000000007,21.033542000000004,17.653125000000003,19.260000000000005,-7.124185000000001,26.993125,17.80375,29.330625000000005,-0.2564440000000019,-10.707074000000002,-2.0792220000000015,-3.382296,1.9966670000000022,23.070889,18.759777999999997,-12.642814000000001,-5.547407,-1.8045180000000016,5.703959000000005,-4.995296,26.445704
김수현:3,39.166338,34.741338000000006,41.07348,37.524680000000004,-3.2221480000000007,15.240985000000002,27.617746000000004,35.51468,6.217393999999999,52.40588000000001,2.2603520000000046,27.59228,20.22348,33.20788700000001,32.058679999999995,54.05788000000001,-6.168979,8.652253000000002,21.79548,14.064929,13.168879999999998,22.20468,31.827479999999998,10.032320000000002,0.7520000000000024,-1.5679579999999973,23.886408000000003,25.389225000000003,32.796971000000006,42.219480000000004,30.44188,51.93588000000001,37.18348,6.002253000000003,42.639880000000005,7.847000000000001,49.38908000000001,32.80348000000001,57.52868000000001,28.36028,-2.2770779999999995,-2.485492999999998,-1.1449599999999975,0.1865489999999994,22.283591,31.076197,30.227252999999997,7.759999999999998,-2.218239999999998,31.382680000000004,54.25388000000001,37.796619,26.16868,32.505773999999995,35.669880000000006,25.696680000000004,20.513880000000004,16.88988,49.74169,7.987112000000003,8.741689999999998,31.198028,31.765280999999995,21.453080000000003,36.20908,47.32468,58.78868,25.22028,39.952957000000005,53.298680000000004,20.78988,29.77428,2.923732000000001,15.962880000000002,9.487464000000003,37.161408,3.791338000000003,6.258591000000003,24.324084,18.03388,-6.354049999999997,34.20401400000001,24.28748,32.411408,-5.177571,0.0,23.68628,34.116338000000006,36.592042,59.79988,16.061000000000003,17.471971000000003,42.77228000000001,41.950492000000004,24.45148,-3.736478999999999,51.841480000000004,45.726197000000006,0.9730630000000033,25.632887000000004,48.95508000000001,27.272679999999998,45.804280000000006,21.339577,6.078661000000004,33.802957,54.77148000000001,41.03708,49.06188,48.73028000000001,49.81140800000001,34.882887000000004,35.905879999999996,3.509080000000001,0.0,33.970915,29.28988,18.450845,46.184295,3.7490840000000034,19.386680000000002,21.576197,6.694859000000001,1.331831000000001,20.163880000000002,22.03108,51.316337999999995,6.724788000000004,32.11628,27.59169,39.34308,49.41268000000001,7.257887000000004,56.99148000000001,1.813873000000001,9.973028,27.386680000000002,60.542280000000005,49.20388,6.884999999999998,30.646267,24.105080000000005,26.84548,38.615480000000005,39.212680000000006,-0.9614799999999981,45.88228000000001,34.17188,43.82668000000001,-3.1050359999999984,44.77908000000001,39.10068,58.47828,4.422676000000003,2.342745999999998,9.261408000000003,3.6723229999999987,0.004440000000002442,35.365632999999995,21.055774,-0.7110219999999998,9.706831000000001,4.071618999999998,14.554680000000001,6.426901000000001,38.807887
아기:1,10.195999999999998,9.607999999999997,18.491259,17.503110999999997,-2.3318340000000006,2.5264999999999986,6.452666000000001,17.204147999999996,0.33216600000000085,30.949036999999997,-0.7150000000000034,9.417777999999998,7.627851999999997,8.988999999999997,11.600591999999999,27.775110999999995,-3.3658339999999995,0.19683299999999804,6.967110999999996,4.043999999999997,8.876444,12.146073999999999,14.192591999999998,2.489778000000001,1.9265180000000015,-2.0951670000000036,5.476832999999999,5.865665999999997,8.656332999999997,20.756147999999996,14.962665999999999,26.227258999999997,17.995554999999996,0.8278329999999983,20.001481,6.089480999999999,23.240000000000002,14.985185000000001,28.043852,15.320889000000001,-3.271334000000003,-2.9369999999999976,0.30577799999999655,-2.102000000000004,4.461666000000001,7.818165999999998,7.7251660000000015,0.23850000000000193,-2.125,15.248592000000002,25.310814999999998,10.307000000000002,13.201777999999997,8.302332999999997,16.276443999999998,13.365333,8.604148000000002,5.687407,12.910665999999999,0.21750000000000114,0.7334999999999994,8.374166000000002,8.961165999999999,7.764739999999996,19.861333000000002,24.108444,28.182518,13.126221999999999,10.945999999999998,25.325037000000002,7.716147999999997,13.758221999999996,-0.04916700000000418,4.6293329999999955,0.6973330000000004,10.035832999999997,0.0903330000000011,0.8320000000000007,5.775500000000001,5.997332999999998,-3.275334000000001,8.808500000000002,10.612443999999996,8.521,-2.9985,0.0,9.43674,9.214999999999996,9.796,29.793777999999996,4.202962999999997,3.6340000000000003,20.814518,11.614832999999997,9.782517999999996,-2.257666999999998,26.364444,12.192332999999998,-2.1236669999999975,5.749833000000002,24.342815,9.349629,22.402369999999998,4.1285000000000025,-0.6161670000000044,9.372833,31.681778,23.354962999999998,24.499555,29.860148000000002,13.32,9.182333,14.686518,3.6918519999999972,0.0,8.769165999999998,12.939554999999999,3.6274999999999977,12.569333,-2.0174999999999983,10.862814999999998,5.257332999999996,-0.4743339999999989,-2.1813339999999997,12.077332999999996,7.013332999999996,13.378,0.7631659999999982,15.115259000000002,7.720165999999999,18.538962999999995,23.047407,0.40566599999999653,32.22074,-0.6661670000000015,1.0259999999999962,12.259852000000002,33.944888999999996,24.199999999999996,2.213000000000001,7.704665999999996,12.008296000000001,11.147852,17.576889,19.307555,0.4216289999999958,22.364148,15.029036999999995,20.546962999999998,-2.377167,26.959702999999998,18.148443999999998,32.777778000000005,0.4931660000000022,-2.2620000000000005,0.9713330000000013,-0.37216699999999747,1.1016289999999955,9.179833000000002,5.954833000000001,-2.9276669999999996,0.3988329999999962,0.0666659999999979,4.479110999999996,-0.29966699999999946,10.174833
양정길:1,30.627499999999998,28.175167000000002,28.211216999999998,28.61905,-6.300667000000004,3.3903329999999983,14.562667000000005,27.68405,-0.5796670000000006,42.96455,-2.5060000000000002,14.90805,11.973883999999998,26.610332999999997,18.704383999999997,38.460384,-10.587499999999999,-1.9241670000000042,10.886050000000001,11.113833,15.264384,18.36705,20.522550000000003,4.120049999999999,5.915883999999998,-7.1718329999999995,15.250666999999993,16.736333000000002,25.967833,33.347384,24.050216999999996,36.661716999999996,28.79255,1.4129999999999967,30.695050000000002,11.331883999999999,31.605883999999996,24.291717,39.236216999999996,26.436383999999997,-11.626333000000002,-10.576667,1.5826840000000004,-8.006500000000003,9.2515,23.807999999999993,23.471333,-2.086500000000001,-7.473500000000001,24.17955,34.878884,24.46166699999999,20.396549999999998,24.016666999999998,26.720550000000003,20.843384,12.132549999999998,9.29805,39.682,-1.6020000000000039,-0.6315000000000026,24.689667,26.310999999999993,12.203717000000001,32.367884,34.299549999999996,39.078717,20.39555,31.64,34.949884,12.04505,21.510717,-0.34233300000000355,7.183049999999998,-0.5591670000000022,30.293832999999992,-0.942333000000005,0.8821669999999955,17.391999999999996,9.563216999999998,-9.365833000000002,25.716499999999996,16.739884,19.779332999999994,-10.425000000000004,0.0,14.623217,25.048833000000002,27.310000000000002,41.461217,6.410716999999998,10.404167000000001,29.270217000000002,29.354167000000004,14.608217,-5.423166999999999,37.419883999999996,36.004333,-7.983333000000002,17.685999999999993,34.324217,15.018884,31.679217,13.311333000000005,-3.392667000000003,26.732167000000004,44.25355,36.41655,34.568717,41.425883999999996,37.593166999999994,27.426000000000002,23.394717,8.789383999999998,0.0,26.444333,20.313716999999997,10.159500000000001,33.944,-8.205167000000003,15.932717,15.877499999999998,-3.169000000000004,-7.844999999999999,20.581716999999998,10.744216999999999,39.788667000000004,0.39799999999999613,24.41905,21.743332999999993,29.694217000000002,31.291384,-0.6750000000000043,45.11655,-1.8581670000000017,0.284832999999999,18.292217,46.196384,34.01805,5.988499999999995,23.2295,18.31805,17.13905,27.39855,30.786383999999998,3.154883999999999,31.597716999999996,23.919216999999996,27.204217,-7.189667,39.440384,26.241884,45.81055,0.7918329999999969,-8.7275,-0.0628330000000048,-1.8865000000000052,4.609884000000001,25.975332999999992,16.203999999999994,-11.1415,-2.644167000000003,-0.5273329999999987,7.275717,-2.713000000000001,29.645832999999996
양정길:2,4.740167,4.526,8.795000000000002,9.031389000000004,-1.5290000000000017,-0.19916600000000173,1.9379999999999988,9.115556000000005,-0.639400000000002,13.016389000000004,-0.8282160000000012,3.9094440000000006,3.6894440000000017,4.121666999999999,5.093333000000001,11.339167000000003,-2.2462160000000004,-1.0545160000000013,2.958888999999999,1.9986669999999975,5.279167000000001,6.469444000000003,6.0480560000000025,1.1900000000000048,1.7611109999999996,-1.9032160000000005,1.6711670000000005,1.9899999999999984,3.7708340000000007,10.112222000000003,8.346944,10.669722,9.223611000000005,-0.18733300000000241,9.395556,3.7902780000000007,9.081944,7.897221999999999,11.022222,8.913333000000002,-2.9449830000000006,-2.7925830000000005,0.2997220000000027,-2.360133000000001,0.9379999999999988,3.171333999999998,3.1798339999999996,-1.1243160000000003,-1.8468660000000003,8.076388999999999,9.936389000000005,3.8215000000000003,6.9611110000000025,3.318334,8.550277999999999,7.314722000000003,3.585556000000004,2.9502780000000044,6.792166999999999,-1.0970000000000013,-0.8452330000000003,3.5854999999999997,4.1385000000000005,3.4511110000000045,10.500556000000003,10.018333000000005,11.087499999999999,7.055278000000001,5.790167,10.034167000000004,3.6208330000000046,7.203056000000004,-0.25800000000000267,2.0908330000000035,-0.9208330000000018,4.7719999999999985,-0.48173300000000197,-0.3199500000000022,2.1801669999999973,2.8677780000000013,-1.9206830000000004,3.674333999999998,5.479167000000004,2.874834,-2.245833000000001,0.0,4.440556000000001,3.8354999999999997,4.245999999999999,11.673611000000001,1.6808329999999998,1.126999999999999,8.735278000000001,4.780334,4.3261110000000045,-1.1485160000000008,10.846667000000004,6.523333999999998,-2.333,2.0858339999999984,10.026389000000002,4.027500000000003,9.361944000000001,1.2151669999999974,-1.3930830000000007,4.927,13.127222000000003,11.541944,10.142222000000004,12.903056,6.333666999999998,4.145,7.366389000000005,2.669722,0.0,3.622,6.520555999999999,0.8481670000000001,5.598167,-2.1781500000000005,5.739722,2.0131669999999993,-1.3957160000000002,-2.3817500000000003,7.086389000000004,2.635833000000005,6.718,-0.4684000000000026,7.978889000000002,4.079166999999998,9.491667,9.015278000000002,-0.77365,13.081389000000001,-0.6507830000000006,-0.8127500000000012,5.810556000000005,13.182222000000003,9.867222000000005,1.0524999999999984,3.1166669999999996,6.319721999999999,5.054722000000005,8.655833000000001,9.853889000000002,0.706667000000003,9.270000000000003,7.670278000000003,8.006667,-1.7042660000000005,12.320833,7.692778000000004,13.131388999999999,-0.2170000000000023,-2.387283000000002,-0.7981499999999997,-0.7973330000000018,1.253889000000001,3.936667,3.1779999999999973,-2.770716,-1.3141500000000015,-0.5001330000000017,2.247778000000004,-1.2615160000000003,4.580833999999999
양정길:3,22.278833000000006,20.148832999999996,25.64986,24.365204000000002,-5.308833999999997,3.5386660000000063,11.747166000000007,23.368762999999998,-0.12666699999999764,38.980554,-1.6906669999999906,12.711662999999998,10.0607,18.991500000000002,15.371722000000002,35.110609999999994,-7.465166999999994,-1.1328340000000026,10.168310000000002,8.086332999999996,12.601169000000002,15.380374999999997,18.019578999999997,3.8879160000000006,3.0277069999999995,-5.323499999999996,11.082833000000008,12.499333000000007,18.629333000000003,28.442821999999996,20.084791,33.115954,24.518519,1.0023330000000072,26.958479,8.427257,29.607888,20.426256999999996,36.235738,22.528079,-7.750833999999998,-7.103333999999997,0.15553500000000042,-5.780999999999999,7.646665999999996,17.07133300000001,17.089833,-1.235833999999997,-5.205666999999998,20.250310000000002,32.519774999999996,18.293999999999997,16.789503999999997,17.274833,22.423354,17.346631999999996,10.257504,7.636937999999997,27.96466600000001,-0.9178339999999992,-0.2115000000000009,17.711833,18.324832999999998,10.204032000000002,27.127104,30.805790999999996,36.78265999999999,16.762435,22.74600000000001,32.66821,10.174079000000003,18.465104,-0.3981670000000008,6.743669000000001,-0.18133399999999256,21.498833000000005,-0.7391669999999948,0.6891660000000002,12.584500000000006,8.114634999999996,-7.079333999999996,18.703165999999996,14.117462999999997,15.230000000000004,-6.911833999999999,0.0,12.424778999999997,18.393500000000003,19.86500000000001,38.749359999999996,6.162357,7.8926660000000055,26.085179,21.336332999999996,12.60361,-4.595666999999999,33.489591000000004,25.705332999999996,-5.366499999999995,12.971165999999997,30.77251,13.032051,28.127315999999997,9.751833000000005,-2.136499999999998,19.071166000000005,40.51370999999999,30.967316,31.067604,36.912234999999995,27.166666000000006,19.49766600000001,19.682532,4.827556999999999,0.0,18.974333,17.170241,7.631833,24.634166000000008,-4.650333999999994,13.404579000000002,11.049833000000007,-2.0189999999999984,-5.346333999999999,16.843641,9.783799999999996,28.255166000000003,0.4688330000000036,20.564928999999996,15.464500000000001,25.668054,28.861943999999998,-0.1799999999999926,41.191316,-1.4153340000000014,0.4410000000000025,15.312259999999998,41.737572,30.612982,4.017499999999998,17.011333000000008,15.175807000000002,14.639090999999997,24.249385,26.546457,0.7707939999999986,28.222278999999997,20.366572,24.902585,-5.0419999999999945,34.142568999999995,23.165303999999995,41.412525,0.569500000000005,-5.464166999999996,0.2879999999999967,-1.2231670000000037,2.1351039999999983,18.751666,11.789333,-6.894999999999996,-1.020667000000003,-0.34466700000000117,6.273737999999998,-1.8995000000000033,21.698666000000003
와이프:1,20.222666,18.636666,27.245554999999996,26.695999999999998,-4.945333999999999,3.450666000000002,11.623666000000004,24.603555,-0.1713339999999981,41.0,-2.2119999999999997,12.731333,10.241999999999997,18.084166,15.974666,39.193332999999996,-7.276167000000001,-0.749334000000001,8.775776999999998,7.992332999999999,12.519333000000003,14.652444000000003,18.886222000000004,1.905110999999998,3.0613329999999976,-5.586167,11.372333000000001,12.854665999999998,17.5855,32.061111,20.866221999999993,37.073333000000005,26.853111,0.720165999999999,29.457777000000007,8.784666000000001,32.097111,21.243555,39.063333,21.772444000000007,-8.806667000000001,-8.555167,-0.05155599999999794,-6.66,7.514666000000002,17.388,16.966832999999998,-1.3904999999999994,-5.124167,21.030444000000003,35.607555000000005,19.011166,16.650666,17.095499999999998,22.979332999999997,17.455333000000003,11.115333,7.527777,27.711333,-1.222166999999999,-0.13799999999999812,16.852666000000003,16.992833,10.462888,27.403999999999996,34.28,39.638666,16.651777000000003,22.343833,35.547111,10.303333000000002,19.311555,-0.2838339999999988,5.1055550000000025,-0.13933399999999807,19.965999999999998,-0.8881669999999993,0.39583299999999966,12.894166000000002,7.625776999999999,-6.5546669999999985,17.663,13.815333000000003,15.462,-7.163999999999998,0.0,12.725110999999998,16.957333000000002,18.796499999999998,41.528666,4.393777,7.341333000000002,28.944888000000006,22.209,13.235554999999998,-4.082999999999998,37.261555,25.192000000000004,-6.442,13.383666000000002,34.278887999999995,12.609333,31.320443999999995,10.0335,-2.8931669999999983,19.135665999999997,43.167777,30.739554999999996,34.413332999999994,38.217111,27.793833000000003,18.630666,21.150222,5.543332999999997,0.0,18.295833,17.453555,7.502666000000001,24.9205,-5.782667,12.391111000000002,10.950332999999997,-2.4616669999999985,-6.647334000000001,16.970444,8.555554999999998,28.824333,0.30816599999999994,21.537554999999998,15.743666000000001,27.465554999999995,31.645776999999995,-0.10200000000000031,44.048666,-1.8290000000000006,0.2623330000000017,16.039555,44.551333,34.226888,4.3565000000000005,17.1825,15.396222000000002,15.225777,25.814222,28.903777000000005,0.4066660000000013,31.377333000000007,21.599554999999995,27.878,-5.096667,34.625555000000006,25.245110999999994,44.564666,0.32366599999999934,-6.621167,0.07966599999999957,-1.5791669999999982,1.699111000000002,18.099332999999998,12.081500000000002,-8.052333999999998,-1.0629999999999988,-0.6968339999999991,5.536887999999998,-2.1804999999999986,20.026332999999997
원빈:1,26.385514999999998,24.492833000000005,22.861833,22.742499999999996,-3.0746869999999973,6.223047000000001,15.913333000000002,21.623833,0.9815719999999999,35.3275,-1.5377209999999977,13.280332999999995,10.9115,22.971925,15.8385,31.818167,-5.972554000000002,1.1986279999999994,10.468667,10.147067999999997,9.952667000000002,14.412666999999995,17.093332999999998,4.559999999999999,2.0336669999999977,-2.762796999999999,14.303071000000003,15.780718999999998,22.246325,25.9355,18.893333000000002,30.353999999999996,22.631666999999997,2.097457999999996,24.353332999999996,6.895,26.403499999999998,19.449,32.28099999999999,19.742167,-5.870542999999998,-5.089402999999997,-0.038000000000000256,-2.7603420000000014,11.180213000000002,20.587324000000002,20.045344,0.5187439999999981,-3.1428829999999977,19.184,29.146333000000002,24.929213000000004,16.122832999999996,21.396045,21.181333,16.422,11.770166999999997,8.588832999999997,34.58663,0.9099749999999958,1.814472000000002,21.236983000000002,23.024064000000003,11.407499999999995,24.608999999999998,28.596667,32.573333000000005,15.8905,28.623711,29.276667,11.023166999999997,17.619832999999996,0.3024429999999967,7.354167,2.0921689999999984,25.860913999999994,0.07254100000000108,1.9903469999999999,15.713845,9.101832999999996,-5.442475000000002,22.528177999999997,14.117999999999999,20.386325,-5.158355,0.0,12.898999999999997,23.202016999999998,24.589366,34.62433299999999,6.900499999999997,10.041846,24.3415,28.560047999999995,13.230166999999998,-3.1024560000000037,30.3145,32.383948000000004,-2.820793000000002,16.246190999999996,28.353832999999998,13.189832999999997,26.284499999999998,12.671084,-0.9556919999999991,24.302791,36.443667000000005,28.021832999999997,28.4725,33.593166999999994,34.972759999999994,23.268702000000005,19.032499999999995,3.9023329999999987,0.0,22.476982999999997,16.339000000000002,9.734302,32.137422,-2.0419199999999975,12.4025,14.000627000000001,-0.4327910000000017,-2.828160000000004,14.039332999999996,10.397499999999997,35.562157,1.693947999999999,19.336499999999997,19.717397999999996,23.691,26.306167,1.223942000000001,37.273832999999996,-1.1461129999999997,2.6755209999999963,15.138499999999997,38.270832999999996,28.316332999999997,5.0897799999999975,20.126196999999998,14.667999999999996,14.566999999999997,22.081500000000002,24.109833,0.4338329999999999,26.381666999999997,19.093499999999995,23.301833,-3.3164900000000017,31.083000000000002,21.654499999999995,38.20899999999999,1.4462880000000027,-2.711036,2.3441740000000024,-0.6014869999999988,1.2959999999999994,23.140620999999996,15.239305000000002,-5.156466000000002,1.1574460000000002,0.3747949999999989,6.9538329999999995,-0.26371799999999723,26.13861
원빈:2,26.887395000000005,24.236974999999994,26.055667,26.016624999999998,-4.6072830000000025,3.6252100000000027,14.983472999999996,24.852393,-0.0633059999999972,40.687909000000005,-2.438375999999998,12.980353000000001,11.163224,23.140616,16.244584000000003,35.759446000000004,-7.838375999999997,-1.8361349999999987,9.541561999999999,11.043416999999998,12.360956999999999,15.589421000000002,18.608060000000002,2.7886650000000017,2.8848870000000026,-4.7372549999999976,14.157142999999998,16.072549000000002,22.357422999999997,30.383879,21.516373,33.967758,26.056675,0.8750700000000009,28.090932000000002,8.618388000000003,29.502519,21.626196,36.4534,22.987405000000003,-9.318767999999999,-8.384034,-0.12493699999999919,-5.579552,9.391316000000003,21.754621999999998,20.783192999999997,-2.0282920000000004,-5.295799000000002,21.484383,32.385894,25.621568000000003,17.548111,21.576189999999997,23.782116000000002,18.101007000000003,11.150378000000003,8.438035,37.142017,-1.7739499999999992,0.08403299999999803,21.065545999999998,21.751260000000002,10.961461,28.662217,31.290176000000002,36.742065000000004,17.290931999999998,29.820727999999995,32.677078,10.926196000000004,19.200756,-0.13669500000000312,6.107305,-1.0518209999999968,26.367506999999996,-0.9619050000000016,0.6801120000000012,16.202241,8.348615000000002,-7.013446000000002,23.062185,15.050378000000002,20.278711,-7.860224000000002,0.0,13.163980000000002,22.874229,24.896358,39.289671999999996,5.4055409999999995,9.356862999999997,26.83728,30.478710999999997,13.481611999999998,-4.143417999999997,34.426952,33.85014,-5.977030999999997,16.893276999999998,31.544836000000004,13.022922000000001,29.183879000000005,13.435853999999999,-3.514006000000002,25.554060999999997,41.67733,32.471285,31.748111,38.598992,37.185433999999994,23.571988999999995,21.208060000000003,5.608816000000001,0.0,23.267507000000002,18.246599000000003,9.668067,34.002801,-6.005602000000003,13.226952000000004,13.768067000000002,-3.1997199999999992,-6.255462000000001,16.539547,9.028210999999999,37.870028,0.6266099999999994,21.508564,21.096358000000002,27.411839,28.973300000000002,-0.0677870000000027,42.610327,-1.873669999999997,-0.18795500000000231,16.912846000000002,42.850629999999995,31.185894000000005,5.973109000000001,20.967227,15.853652000000004,15.446851000000002,25.131486000000002,28.22267,0.659950000000002,28.756171000000002,21.691184,25.387154000000002,-5.171709,35.895466,24.502015,43.134761,0.5473390000000009,-6.307003000000002,-0.14958000000000027,-1.587955000000001,1.7010070000000006,23.531652,16.277031,-8.935293999999999,-2.011204999999997,-0.6327730000000003,6.412091,-2.540056,26.580391999999996
원빈:3,14.646250000000002,14.009499999999996,9.3885,9.747,-2.671750000000003,1.8605000000000018,8.571750000000002,9.2085,-0.43900000000000006,17.462167,-1.7702500000000008,4.573167000000005,3.854834000000004,12.98975,5.9283339999999995,13.7695,-4.8580000000000005,-1.1002500000000026,3.2773340000000033,6.3215,4.334167000000001,5.981999999999999,6.518000000000001,1.0003340000000023,0.8685000000000045,-3.56775,7.059249999999999,7.9084999999999965,12.646,11.698833999999998,8.179334000000004,12.920167,9.715667000000003,0.019999999999999574,10.275834000000003,2.8668340000000043,10.993333999999997,8.063167,13.892834,8.822500000000005,-5.6590000000000025,-5.406000000000002,-0.08899999999999864,-3.9345,5.239750000000001,11.208999999999996,10.863749999999996,-1.559750000000001,-3.389000000000003,8.066667000000002,12.443334,14.956499999999998,6.686667,11.491,8.885667000000005,6.889000000000003,3.9080000000000013,3.0373340000000013,21.16975,-1.390500000000003,-0.6202500000000022,12.0105,13.34525,3.783834000000006,11.435834000000007,11.992167000000002,14.020666999999996,6.542500000000004,17.734,12.408667000000001,3.8343340000000055,7.185667000000002,-0.23925000000000196,2.1051670000000016,-0.8740000000000023,14.484749999999998,-0.9472500000000004,-0.14475000000000193,8.211999999999996,2.9138340000000014,-4.114250000000002,12.3095,5.568000000000005,11.790999999999997,-4.908000000000001,0.0,4.758500000000005,12.868499999999997,13.624749999999999,15.209667000000003,1.5946670000000012,4.533000000000001,10.312834000000002,17.493249999999996,4.657500000000006,-1.926750000000002,12.992834000000009,19.8975,-3.97025,8.210499999999996,12.057334000000004,4.687000000000005,11.121167000000007,5.511249999999997,-2.3182500000000026,15.145499999999998,17.66533400000001,13.483834000000009,12.119000000000007,16.636834,21.0625,12.816499999999998,7.3558340000000015,1.646334000000003,0.0,12.5445,6.587334000000006,4.0405000000000015,19.530499999999996,-3.120000000000001,4.991167000000004,7.381,-1.9592500000000008,-3.8232500000000016,6.488834000000004,2.991334000000002,21.578249999999997,-0.20950000000000202,8.098167000000004,12.30225,10.229334000000001,10.795500000000004,-0.6345000000000027,17.553000000000004,-1.3547500000000028,-0.6472500000000032,5.838667000000001,16.968834000000008,12.015334000000003,3.339500000000001,10.710999999999999,5.792667000000002,5.621834,9.106000000000002,10.353334000000004,0.04250000000000398,11.175834000000002,7.822500000000005,9.294667000000004,-3.1865000000000023,15.268834000000005,8.953834,17.433833999999997,-0.07700000000000173,-3.4512500000000017,-0.6610000000000014,-1.3537500000000016,0.47033400000000114,12.631499999999996,9.501999999999995,-5.025000000000002,-1.5332500000000024,-0.7800000000000011,2.3391670000000033,-1.8832500000000003,14.34675
전명훈:1,18.543666999999992,17.377000000000002,25.563776999999998,25.919332999999998,-5.548500000000004,2.519166999999996,10.427,24.760444000000003,-0.9753329999999991,40.69800000000001,-2.0121660000000006,12.393777000000004,10.744000000000003,16.363334000000002,15.739777,35.286,-7.875833,-1.2671660000000031,8.630222,8.017499999999998,11.517333000000004,15.306444000000003,17.931777,2.765111000000001,3.049111,-5.916665999999999,8.744499999999995,10.072834,15.974333999999992,30.062889000000002,21.603111000000002,33.288222000000005,26.449333,0.2701670000000007,28.011333000000004,7.978888999999999,29.295111000000002,21.680222000000004,35.625555000000006,22.349111000000004,-9.438666000000005,-8.744500000000002,0.13000000000000256,-6.5655,6.580500000000001,14.577334,14.475000000000001,-1.374333,-5.336500000000001,21.630889,32.066221999999996,18.291334,17.307776999999998,14.68916699999999,23.657777,18.564889000000004,11.131333000000001,8.317111,27.142000000000003,-1.3408330000000035,-0.747166,15.337833999999994,16.387334000000003,10.505554999999998,28.569111000000003,30.685555000000004,35.961555000000004,17.226222000000003,22.101999999999997,32.584889000000004,10.572889,19.517777,-0.5653330000000025,5.716221999999998,-0.625,18.372334000000002,-0.9774999999999991,0.006166999999997813,10.499666999999995,8.410444000000002,-7.192333000000005,15.728999999999992,14.365555000000004,14.596499999999999,-7.612166000000002,0.0,12.884221999999998,15.782499999999992,16.999834,37.622,4.792444,5.3559999999999945,26.607333,21.549,12.576221999999998,-4.807333,33.497777,24.972999999999992,-6.433166,10.297833999999995,30.923333000000003,12.417333000000003,28.516222000000003,6.860666999999999,-2.437166000000005,18.748833999999995,41.713333000000006,32.794,30.890888999999998,38.465333,26.722333999999996,16.409666999999992,20.820444,5.233777,0.0,15.975166999999992,17.438444,4.896333999999996,24.387499999999996,-6.302666000000002,12.865555000000004,9.123334,-2.1821660000000023,-6.477499999999999,15.761111000000003,8.268666,27.786167,-0.424666000000002,21.969333000000002,15.619499999999995,27.281777,28.767333000000004,-1.1185000000000045,42.168666,-1.6233330000000024,-0.274833000000001,16.242666000000003,42.812222000000006,30.778222000000003,3.9151669999999967,14.219833999999999,15.703776999999999,14.855554999999999,24.595555,28.022444000000004,0.863111,28.568889000000002,21.024221999999998,25.556666000000003,-5.563666000000005,36.201333000000005,23.542222,42.78622200000001,0.05283399999999716,-6.771000000000001,-0.41483300000000156,-1.6533330000000035,1.7204440000000005,15.989833999999995,11.986166999999995,-8.966833000000001,-1.4149999999999991,-0.826666000000003,6.484221999999999,-2.110666000000002,18.133999999999993
전명훈:2,3.2501669999999976,2.902667000000001,4.659999999999997,4.491555999999996,-0.7554999999999978,0.839500000000001,2.2620000000000005,4.307777999999999,0.02949999999999875,7.493555999999998,-0.18833300000000008,2.5559999999999974,2.162222,2.817999999999998,3.100888999999995,6.405999999999999,-1.1670000000000016,0.08200000000000074,2.013110999999995,1.260666999999998,1.6946669999999955,2.4948890000000006,3.3975559999999945,0.9317779999999942,0.21399999999999864,-0.7385000000000019,1.5423339999999968,1.7538339999999977,2.4476670000000027,5.379777999999995,3.6273339999999976,6.095110999999996,4.598889,0.040334000000001424,4.999777999999999,1.0033339999999953,5.394888999999999,3.7546669999999978,6.588221999999995,3.682888999999996,-1.097332999999999,-1.033999999999999,-0.07644400000000218,-0.7439999999999998,1.5690000000000026,2.291666999999997,2.2563340000000025,-0.011333000000000482,-0.777000000000001,3.7082219999999992,6.003777999999997,3.541666999999997,2.9793339999999944,2.3636669999999995,4.094445,2.9977779999999967,2.2859999999999943,1.7715559999999968,4.683500000000002,0.012000000000000455,0.11933400000000205,2.353833999999999,2.5511669999999995,2.185110999999999,4.728888999999995,5.743110999999999,6.660666999999997,2.8197779999999995,3.872,5.9924449999999965,2.159555999999995,3.347110999999998,-0.0555000000000021,1.460445,0.09616700000000122,3.1995000000000005,-0.08550000000000324,0.04116700000000151,1.7479999999999976,1.803999999999995,-1.0388329999999968,2.5086670000000026,2.5442219999999978,2.9395000000000024,-1.0730000000000004,0.0,2.499777999999999,2.674833999999997,2.972166999999999,7.059556000000001,1.3504450000000006,0.9919999999999973,4.960000000000001,4.074167000000003,2.5348889999999997,-0.7190000000000012,6.067110999999997,4.335000000000001,-0.6869999999999976,1.7926670000000016,5.705777999999995,2.5542219999999958,5.291778000000001,1.2886669999999967,-0.10499999999999687,3.2516669999999976,7.823110999999997,5.693110999999995,5.7108889999999946,6.972666999999994,4.7734999999999985,2.905667000000001,3.723333999999994,0.5806669999999983,0.0,2.5050000000000026,3.148221999999997,1.0116670000000028,4.505834,-0.5544999999999973,2.078666999999996,1.4926669999999973,-0.05466599999999744,-0.6666659999999993,2.571777999999995,1.9506669999999957,4.8018339999999995,0.07150000000000034,3.7279999999999944,2.593499999999999,4.769777999999995,5.362221999999996,0.07950000000000301,7.843111,-0.15749999999999886,0.12483399999999989,2.973555999999995,7.8473339999999965,5.6915559999999985,0.6428340000000006,2.255834,2.632666999999998,2.847999999999999,4.387110999999997,4.980666999999997,-0.034888999999999726,5.378444999999999,3.7384449999999987,4.752221999999996,-0.7798330000000036,6.4724450000000004,4.3831109999999995,7.946666999999998,0.008499999999997954,-0.6514999999999986,0.11249999999999716,-0.1458330000000032,0.038444999999995844,2.896500000000003,1.9708339999999964,-0.9444999999999979,0.0551669999999973,-0.06700000000000017,1.3388889999999947,-0.10150000000000148,3.2135000000000034
최규민:1,10.361999999999998,9.287333,7.913166999999994,8.448,-3.100645,1.008889,5.8184439999999995,8.165499999999994,-0.3073340000000009,14.361166999999995,-0.8966670000000008,3.7086669999999984,3.146833000000001,8.858,4.697832999999996,11.770333,-3.9651560000000003,-1.0497779999999999,2.613999999999997,4.287555000000001,3.9828329999999994,4.697832999999996,5.693832999999998,0.5676670000000001,1.0963329999999942,-2.7887559999999993,4.563110999999999,5.3731110000000015,8.392444000000001,10.354166999999997,6.9488330000000005,10.824999999999996,8.457833,0.1066660000000006,8.857833,2.8893330000000006,9.082,6.6718329999999995,11.500332999999998,7.307333,-4.691355999999999,-4.399177999999999,0.07949999999999591,-3.3682450000000017,3.474,7.618221999999999,7.574000000000002,-1.0846669999999996,-3.0025559999999984,6.866833,10.089332999999996,10.240889,5.556332999999995,7.461110999999999,7.3566669999999945,5.692166999999998,3.202999999999996,2.320999999999998,14.938666000000001,-1.0091110000000008,-0.6084449999999997,7.977332999999998,8.331777999999996,3.012999999999998,9.390999999999998,10.274332999999999,11.547832999999997,5.451332999999998,12.347778000000002,10.197499999999998,3.0581669999999974,6.0568329999999975,-0.05244499999999874,1.551832999999995,-0.8282220000000002,10.093777999999997,-0.450445000000002,-0.08688899999999933,5.516666000000001,2.3568329999999946,-3.689578000000001,8.095333,4.3215,8.073555000000002,-3.6107559999999985,0.0,3.781499999999994,7.727777999999997,8.989110999999998,12.575167,1.4106669999999966,2.998666,8.769166999999996,12.155333000000002,3.7303329999999946,-2.4729339999999986,11.060167,13.702889000000003,-3.4638890000000018,5.748443999999999,10.159999999999997,3.6546669999999963,9.466833000000001,4.247111,-1.3828889999999987,10.420444,14.901167000000001,11.075167,10.147666999999998,13.763166999999996,14.732888999999997,9.135555,6.265499999999996,1.884332999999998,0.0,8.432222,5.357332999999997,2.7526660000000014,13.541110999999997,-3.293800000000001,3.921166999999997,4.786000000000001,-1.3373339999999985,-3.706022000000001,5.6391670000000005,2.5614999999999952,15.082666,-0.09822199999999981,6.7613330000000005,8.464000000000002,8.746666999999995,9.013666999999998,-0.4862220000000015,15.089166999999996,-0.5617780000000003,-0.6428890000000003,5.020167000000001,14.946166999999996,10.048167,2.288222000000001,7.472666,4.779499999999999,4.607499999999995,7.778999999999996,9.396833,0.2736669999999961,9.412332999999997,6.565332999999995,7.961500000000001,-3.123978000000001,12.527499999999996,7.272500000000001,15.170832999999995,-0.039111000000001894,-3.7155999999999985,-0.6466670000000008,-0.6524450000000002,0.6559999999999988,8.7,6.557110999999999,-4.363244999999999,-1.4375560000000007,-0.35511100000000084,1.8483329999999967,-1.2171109999999992,10.068222000000002
최규민:2,26.811999999999998,24.51325,17.5565,16.407834,-7.391500000000001,5.309750000000001,16.31075,15.585999999999999,-0.5925000000000011,27.58,-2.4512500000000017,9.625833999999998,6.911999999999999,23.195499999999996,11.459167,24.632834000000003,-11.009749999999997,-0.2224999999999966,7.3004999999999995,8.597749999999998,6.514667000000003,9.923333999999997,12.827666999999998,2.639667000000003,1.930334000000002,-6.883249999999997,13.692250000000001,15.195250000000001,22.347750000000005,19.070334000000003,13.467666999999999,23.000166999999998,16.271500000000003,0.9095000000000013,18.795167,4.674833999999997,19.677999999999997,13.826500000000003,24.441167,13.944499999999998,-9.667499999999997,-8.6295,0.18433399999999978,-6.572249999999997,11.243499999999997,21.132499999999993,20.78425,-0.31450000000000244,-7.058250000000001,13.505667000000003,22.172167,26.194000000000003,11.428167000000002,21.766000000000005,15.033333999999996,12.098999999999997,7.057000000000002,5.488500000000002,36.7535,-0.23799999999999955,0.2567499999999967,21.360749999999996,22.509749999999997,6.992334,18.102834,21.547167,24.737499999999997,11.679667000000002,29.283749999999998,22.147,7.001834000000002,12.542167,-0.3359999999999985,4.841833999999999,0.5772499999999994,26.116749999999996,-0.732999999999997,0.7117500000000021,14.861500000000007,5.322167,-10.48975,22.9195,9.793,21.32025,-9.893500000000003,0.0,8.622667,23.311750000000004,24.932249999999996,26.010666999999998,3.941834,8.5715,18.759334000000003,30.2265,8.673000000000002,-6.717500000000001,23.330167000000003,33.342,-6.4297499999999985,15.540000000000006,21.573500000000003,9.598999999999997,19.901667000000003,11.656500000000001,-1.7355000000000018,24.01075,28.644834000000003,20.974666999999997,21.764000000000003,25.601833999999997,36.42775,23.772499999999994,13.846333999999999,3.1916670000000025,0.0,22.81075,11.887500000000003,8.982,33.98025,-5.191499999999998,8.675167000000002,13.131249999999994,-1.5135000000000005,-5.891500000000001,9.714167000000003,7.117666999999997,38.05275,0.19899999999999807,13.879834000000002,19.093000000000004,17.149834,19.7295,-0.33449999999999847,29.487334000000004,-2.002749999999999,1.6310000000000002,11.066834,29.9765,21.433,3.964500000000001,20.804000000000002,10.303167000000002,10.1325,16.402334000000003,17.809834000000002,0.5873339999999985,20.012334000000003,14.218167000000001,17.196167000000003,-7.870249999999999,23.653,16.424,29.778166999999996,0.9157500000000027,-5.986750000000001,0.9187500000000028,-1.9624999999999986,1.2924999999999969,23.92425,14.113749999999996,-8.214500000000001,-0.2502500000000012,-0.6465000000000032,4.445500000000003,-1.3057500000000033,26.315250000000006
최규민:3,4.386088000000001,4.239613000000002,3.871000000000002,3.689166,-1.0233910000000002,1.249559999999999,2.971646,3.562666,0.06951400000000163,5.233333000000002,-0.254802999999999,2.3248330000000053,1.828000000000003,3.8919320000000006,2.730166000000004,5.062000000000005,-1.5188579999999998,0.2650509999999997,1.8245000000000005,1.8179420000000022,1.6595000000000013,2.4280000000000044,2.973166000000006,0.818833000000005,0.364333000000002,-0.8799609999999998,2.2960920000000016,2.5624770000000012,3.843471000000001,4.1411660000000055,3.163166000000004,4.850000000000001,3.650666000000001,0.16483700000000212,4.055666000000002,1.0663330000000002,4.462666000000006,3.2613330000000005,5.237666000000004,3.144666000000001,-1.3747609999999995,-1.2606979999999997,0.023666000000005738,-0.8348340000000007,2.163578000000001,3.4671580000000013,3.4018450000000016,0.14916399999999896,-0.971883,3.1936660000000003,4.852665999999999,4.556327,2.7623330000000053,3.6027400000000007,3.4918329999999997,2.8490000000000038,1.8315000000000055,1.5010000000000048,6.3615759999999995,0.15225399999999922,0.1962040000000016,3.639997000000001,3.9972589999999997,1.8191660000000027,3.8848330000000004,4.552666000000002,5.319000000000003,2.7550000000000026,5.290635000000002,4.856166000000002,1.8053330000000045,2.9705000000000013,-0.035457999999998435,1.3291660000000007,0.31075600000000136,4.380552999999999,-0.0503070000000001,0.14316200000000023,2.5575860000000006,1.5265000000000057,-1.474352999999999,3.8575869999999988,2.4266660000000044,3.7834269999999997,-1.3631789999999988,0.0,2.068000000000005,4.096962000000001,4.2093799999999995,5.487666000000004,1.2970000000000041,1.5171230000000016,4.0886660000000035,5.212406999999999,2.089833000000006,-0.8757599999999996,4.859999999999999,5.909635999999999,-0.8164049999999996,2.6403490000000005,4.580500000000001,2.2946659999999994,4.283166000000001,1.8576680000000003,-0.03496799999999922,4.443086000000001,5.377333,4.324166000000005,4.579833000000001,4.999000000000002,6.289328000000001,3.8839299999999994,3.390500000000003,0.5923330000000036,0.0,3.840513999999999,2.874333,1.5218580000000017,5.8256060000000005,-0.47076999999999813,2.107333000000004,2.2462300000000006,0.026187000000000182,-0.8120699999999985,2.3383330000000058,1.8700000000000045,6.531414999999999,0.08185100000000034,3.2513330000000025,3.5748409999999993,3.8386660000000035,4.434166000000005,0.16041300000000192,5.479666000000002,-0.23290599999999984,0.36648699999999934,2.7050000000000054,5.669000000000004,4.579166000000001,0.9080149999999989,3.396065,2.5206660000000056,2.4266660000000044,3.7180000000000035,3.9170000000000016,0.087333000000001,4.331166000000003,3.3346660000000057,4.044665999999999,-1.068918,4.742666,3.6655000000000015,5.6271660000000026,0.09227699999999928,-0.7274619999999992,0.30430899999999994,-0.18308799999999792,0.22150000000000603,3.9227440000000016,2.691034000000002,-1.174555999999999,0.395386000000002,-0.04508299999999821,1.1685000000000016,-0.059287999999998675,4.369326000000001
황영식:1,19.698999999999998,18.363167000000004,36.565511,37.222993,-5.352666999999997,2.5753330000000005,10.835166999999998,36.505067,-0.5929999999999964,59.941511000000006,-1.8584999999999994,19.673067,16.348622000000002,17.193832999999998,23.597807,50.308919,-7.624833000000002,-1.2618329999999958,14.970251999999999,7.835500000000003,17.320178000000002,23.365215000000003,26.482547999999998,5.911377999999999,3.378252,-5.411499999999997,9.0165,10.475667000000001,16.355333,43.389511,31.915733,46.929067,37.1024,0.06316699999999997,39.955141,11.487199999999998,40.527585,31.311882,49.54447400000001,33.35276999999999,-8.719000000000001,-8.031832999999999,0.1462520000000005,-5.681333000000002,6.767499999999998,15.094332999999999,14.692999999999998,-1.5829999999999984,-5.5993330000000014,31.724326,44.54803,18.665667,26.072177999999997,15.014499999999998,34.28106699999999,27.519882,17.033658999999997,12.890726,26.474000000000004,-1.5009999999999977,-0.9068329999999989,15.678667000000004,16.841,16.098547999999997,41.33380699999999,43.596326000000005,50.040474,25.93203,22.061000000000007,44.337956000000005,16.129659,28.217659,-0.3954999999999984,10.135169999999999,-0.8753329999999977,19.578500000000005,-1.0005000000000024,-0.16766700000000156,10.702666999999998,12.965007,-7.005833000000003,16.162667,21.526695999999998,14.733167000000002,-7.411166999999999,0.0,19.198399999999996,15.891333000000003,17.744667,53.550993000000005,9.573511,5.938499999999998,37.633658999999994,21.459000000000003,19.277215,-4.875833,47.240178,24.204333000000005,-6.110999999999997,10.864000000000004,43.768178000000006,19.321659,40.380030000000005,7.728999999999999,-2.4488330000000005,18.554833000000002,61.425658999999996,46.81202999999999,43.802251999999996,56.753659,26.337500000000006,17.281667,30.726103999999996,6.919021999999998,0.0,16.418,26.129955999999996,5.624000000000002,23.927000000000007,-5.912332999999997,19.526695999999998,9.253500000000003,-2.2134999999999962,-6.452166999999996,24.482845,14.254103999999998,26.995666999999997,-0.46716699999999634,31.468326,15.338332999999999,38.61884499999999,39.866845,-0.7898330000000016,61.97558500000001,-1.4324999999999974,-0.615667000000002,24.29203,60.361363,43.540919,3.6831669999999974,14.569667000000003,23.721363,22.525806999999997,35.951289,40.668622,0.47594099999999884,40.716325999999995,31.149511,35.561659000000006,-5.633167,52.648178,33.463289,61.66803,-0.14366700000000066,-6.661166999999999,-0.6701669999999993,-1.6370000000000005,1.2260449999999992,16.8495,11.8275,-8.393166999999998,-1.4203329999999994,-0.8626670000000018,9.373956,-2.1828330000000022,19.210000000000008
황영식:2,11.553666999999997,10.856667000000002,25.399407999999994,26.122074999999995,-3.133499999999998,1.4949999999999974,6.652000000000001,24.434371,-0.45633300000000077,40.527111999999995,-1.0358330000000038,13.045925999999994,11.914074999999997,10.619334000000002,15.667555999999998,33.534815,-4.848165999999999,-0.9543329999999983,10.250667,5.231333999999997,12.684740999999995,15.604444999999998,18.345777999999996,4.541333999999999,2.7182229999999947,-3.9621660000000034,5.965499999999999,7.040166999999997,10.472333999999996,30.550519,21.626962999999996,31.60326,25.899851999999996,0.15899999999999892,27.361185999999996,8.625777999999997,27.899851999999996,21.680889,33.516445,22.587556,-5.5091660000000005,-5.284165999999999,0.4059259999999938,-4.149332999999999,4.125334000000002,9.982667,9.889167,-0.9298330000000021,-3.573332999999998,21.524741,30.742815,11.3275,17.581334,9.781166999999996,23.373334,18.527407999999994,12.028740999999997,9.876444999999997,16.814334000000002,-0.8524999999999991,-0.5023330000000001,10.036833999999999,10.1725,12.024592999999996,28.031999999999996,29.424889,34.021334,17.758222999999994,14.123834000000002,30.705778000000002,11.974518999999994,19.693334,-0.3576660000000018,7.461333999999994,-0.5291660000000036,11.431167000000002,-0.5728330000000028,-0.018833000000000766,7.258000000000003,9.949036999999997,-4.600999999999999,10.265667,15.164741,9.032666999999996,-4.828665999999998,0.0,13.994074999999995,9.577833999999996,10.494500000000002,35.869334,6.301629999999996,4.265000000000001,26.017481999999994,13.241334000000002,14.088888999999995,-2.863666000000002,31.841777999999998,15.538499999999999,-3.9946660000000023,7.329833999999998,29.526815,13.225777999999998,27.418371,5.589334000000001,-1.4429999999999978,12.082667,41.16563,31.666666999999997,29.559999999999995,38.35081499999999,16.520167,10.723500000000001,21.335704,5.432888999999996,0.0,10.683166999999997,18.457186,3.911833999999999,14.974834000000001,-3.602166000000004,13.312888999999998,6.397666999999998,-1.3059999999999974,-3.8556659999999994,17.237925999999995,9.882962999999997,17.006833999999998,-0.22133300000000133,21.765926,10.168166999999997,27.248593,27.477925999999997,-0.5643329999999978,41.33185199999999,-0.826666000000003,-0.21750000000000114,16.519112,41.690963,29.326814999999996,2.7311669999999992,9.805334000000002,16.269925999999998,15.850963,24.676741,27.743407999999995,1.0171859999999953,27.410075,21.822519,24.682370999999996,-3.4470000000000027,35.46251899999999,22.960592999999996,41.493334,-0.0421660000000017,-3.7850000000000037,-0.3190000000000026,-0.9435000000000002,1.518222999999999,10.397666999999998,7.697834,-5.156165999999999,-1.0068330000000003,-0.4513329999999982,7.304592999999997,-1.3006659999999997,11.324666999999998
황전식:1,27.989712,23.428155999999998,17.713067,15.7334,-1.1286219999999982,14.454823000000001,22.805267000000004,14.732233,5.157778,23.540733000000003,2.039334,11.889233,8.677067000000001,23.471489000000002,13.416900000000002,24.124733,-2.8564219999999985,8.844378000000003,8.8874,9.182378,4.3424,7.587733,14.121732999999999,4.350617,-1.140699999999999,1.0807780000000022,17.887712000000004,18.773267,21.429934,18.262733,12.138067,23.245400000000004,15.685566999999999,3.5336890000000025,18.5644,1.934367,21.479733000000003,13.484067,25.250233,11.0564,2.7488230000000016,2.349978,-0.7339500000000001,3.258867000000002,18.732378,21.623267000000002,21.122823,7.5654889999999995,0.06404500000000013,12.401399999999999,23.974733,29.611045,10.245232999999999,22.882378,14.598400000000002,9.0749,8.853567000000002,7.0459,34.500378,7.817045,7.953267,20.177934000000004,20.119712000000003,9.0994,14.471067000000001,21.637233000000002,25.794567,9.096567,27.214156,23.365900000000003,8.854400000000002,11.891567000000002,1.8158670000000008,6.370232999999999,8.695045,26.559489000000003,2.7960230000000017,4.1007560000000005,17.377712,7.504899999999999,-3.3152659999999994,23.727489000000002,9.4754,26.474823000000004,-1.685333,0.0,10.183399999999999,24.3946,26.769489000000004,26.4289,6.266233,12.180600000000002,18.751567,32.681712000000005,10.615732999999999,-1.2568219999999997,23.1789,30.985488999999998,4.596867,18.959934,21.832233000000002,11.422567,20.182733,16.099045,7.082156000000001,22.889934,25.135733000000002,17.225067,21.863567000000003,21.731067000000003,36.89660000000001,25.697267,14.713567000000001,0.27121700000000004,0.0,22.836378,11.524066999999999,14.279489000000002,35.049712,7.677489000000001,6.591899999999999,14.759267000000001,7.577489,5.359578000000003,6.9254,9.1279,36.447489000000004,5.1188,13.164733000000002,19.019712000000002,16.659067,21.827399999999997,6.747712,26.086233,1.6775559999999992,8.739934000000002,11.342400000000001,27.893900000000002,22.016067,4.457644999999999,21.928822999999998,9.000399999999999,11.756900000000002,16.3349,16.7804,-1.1617169999999994,20.5074,14.087067000000001,19.094567,-0.6143769999999975,19.582233,17.447733,26.984233000000003,2.6580670000000026,5.979934,8.111934000000002,3.0512230000000002,-1.4853500000000004,25.872600000000002,13.726600000000001,4.650289000000001,10.537934,2.843444999999999,5.595182999999999,6.695267000000001,28.264823000000003
황전식:2,33.97110299999999,31.39277599999999,40.061597,37.877186,-4.431369000000004,10.930608,22.748478999999996,36.179277,2.984220999999998,51.857983999999995,-0.1802279999999996,24.517489999999995,20.136502,30.169582,28.508364999999998,50.116159,-8.408365000000003,4.372432999999994,19.80057,14.544486999999997,16.360645999999996,25.005322999999997,31.036121,10.31711,2.1309879999999986,-3.958935000000004,20.182699999999997,21.580417999999995,29.856654,41.407413999999996,32.856083,48.102471,37.263308,3.242014999999995,41.559125,10.187641999999997,44.437452,34.159695,50.822053000000004,31.888402999999997,-5.745247000000003,-5.056274000000002,-0.39410700000000176,-2.447338000000002,17.246767999999996,28.644486999999998,27.842014999999996,3.4737639999999956,-4.251901000000004,33.587641999999995,48.465208999999994,33.765779,28.473954,29.060455999999995,36.171673,28.927375999999995,19.987451999999998,16.821483,47.920532,3.857223999999995,5.104752999999995,28.936691999999994,29.540875,20.577185999999998,39.223384,43.855893,52.032699,27.854751999999998,40.15,47.973763999999996,20.212547,31.938972999999997,1.0028519999999972,14.643726000000001,4.747529,33.213118,1.1661599999999979,3.3091249999999945,21.350189999999998,17.377375999999998,-8.125095000000002,30.439733999999994,25.242775,28.642775999999998,-7.112167000000003,0.0,23.011215999999997,30.476235999999993,32.06616,52.804371999999994,14.381368000000002,14.592394999999996,40.476234999999996,38.49904899999999,23.351520999999998,-4.200000000000003,48.364258,44.709506,-2.1967680000000023,21.984980999999998,45.591635000000004,24.332889,42.823574,16.835741,2.3342209999999994,34.78821299999999,53.074334,42.744676000000005,45.734410000000004,49.855512999999995,47.013687999999995,30.865588999999993,36.279277,5.565398999999999,0.0,30.523763999999993,30.532128999999998,14.887071999999996,42.89030399999999,0.26026599999999434,21.767489999999995,19.219201999999996,2.5519009999999938,-1.942776000000002,23.885931,19.678897,48.06616,3.5049429999999973,33.962927,28.323954,39.048289000000004,44.601901000000005,3.923193999999995,53.810076,-0.27585600000000454,5.537261999999998,27.950379999999996,54.373954000000005,45.500949999999996,7.196577999999995,27.962166999999994,26.821672999999997,25.766348999999998,38.501901,39.09258499999999,0.1577939999999991,43.02452399999999,35.044295999999996,40.41064599999999,-4.901711000000002,46.97262299999999,37.011216,54.097148,2.2047529999999966,-1.006844000000001,5.215208999999994,0.7576049999999981,0.689352999999997,30.750189999999996,21.93365,-4.020722000000003,4.8283269999999945,1.5095059999999947,14.273193999999997,2.757413999999997,33.407034
황전식:3,25.357174,22.625217000000006,28.703477999999997,28.350434999999997,-4.225217999999998,5.4356519999999975,15.556739,27.402608999999998,0.7254339999999999,42.226521999999996,-1.4410870000000031,15.338695999999999,12.965000000000003,21.988694999999993,18.503695999999998,37.109783,-7.640217999999997,0.4893470000000022,11.954782999999999,10.621955999999997,14.504348,17.283043,20.946956999999998,4.941738999999998,3.5869570000000017,-4.922609000000001,12.669781999999998,13.891739000000001,20.010216999999997,32.111087,23.675652,35.352391,28.347609,1.4026080000000007,30.608261,10.197826,31.677826000000003,24.282609,37.483696,24.944783,-7.4206530000000015,-6.6934790000000035,0.20500000000000185,-4.619348000000002,10.499347,19.138695,18.711087,0.18521700000000152,-4.872608999999997,23.695217,34.655435,24.421087,19.968261,19.288694999999997,26.398260999999998,19.919783000000002,13.294130000000003,10.338695999999999,34.52413,0.47869500000000187,1.6006519999999966,19.307826,19.957825999999997,13.176738999999998,30.779348,32.620652,37.653696000000004,19.202391,28.328042999999994,34.488913000000004,12.969999999999999,22.276957000000003,-0.04608699999999999,8.317174000000001,1.2493470000000002,24.656087,-0.2815220000000025,1.2660869999999989,13.986303999999997,10.651522,-7.2263050000000035,19.965434000000002,17.205,20.219565000000003,-6.9758700000000005,0.0,15.212609,20.141739,22.647825999999995,39.617174,7.583261,9.186520999999999,29.172174,28.039782000000002,15.475000000000001,-4.098044000000002,35.624565,31.66413,-4.259999999999998,14.107826000000003,33.199565,15.40587,30.93587,10.579346999999999,-0.9071739999999977,24.439346999999998,42.763478,34.139783,33.50913,39.98217399999999,34.608478000000005,22.759782,24.824783000000004,6.496957000000002,0.0,20.254782,20.817826000000004,8.985652000000002,31.870434000000003,-3.043695999999997,14.791522,12.731304000000002,-0.8039130000000014,-4.07,19.149348000000003,11.736086999999998,36.279129999999995,1.3560870000000023,24.258260999999997,20.289782000000002,29.622391,31.478478000000003,0.9776079999999965,43.103913,-1.2121739999999974,1.8558689999999984,19.155217,43.089783000000004,32.988261,5.253042999999998,18.772826000000002,18.169130000000003,17.250217,27.827391,30.36,1.000869999999999,30.787174,24.630000000000003,27.863478,-4.827392000000003,37.29152199999999,26.316522,43.057391,0.7806519999999963,-3.5819570000000027,1.6989129999999975,-0.7515220000000014,2.114564999999999,22.051086999999995,15.760433999999997,-6.2678259999999995,0.3902169999999998,0.007390999999998371,8.488695999999997,-0.2208699999999979,24.703913
